{"cameraMode":{"drawMode":0,"name":"Shaded","section":"Shading Mode"},"sceneLighting":false,"audioPlay":false,"sceneViewState":{"showFog":true,"showMaterialUpdate":false,"showSkybox":false,"showFlares":true,"showImageEffects":true,"showParticleSystems":true},"in2DMode":false,"pivot":{"x":2.8499999046325685,"y":0.690000057220459,"z":4.55999755859375},"rotation":{"x":-0.25432175397872927,"y":-0.09065310657024384,"z":0.023952817544341089,"w":-0.9625654220581055},"size":1.2247449159622193,"orthographic":false}